ticker,next_earnings_date
FSM,2026-05-06
EBF,2026-06-22
CXAI,2026-05-15
BXC,2026-05-05
GE,2026-07-16
EXFY,2026-05-07
GORO,2026-05-11
FUNC,2026-04-20
HEPS,2026-05-07
NDSN,2026-05-27
WFC,2026-07-14
ARCO,2026-05-20
FWRD,2026-05-06
GEHC,2026-04-29
HIFS,2026-07-17
AERO,2026-07-21
BFRI,2026-05-14
FTDR,2026-04-30
EHAB,2026-05-06
AMT,2026-04-28
PTC,2026-05-06
CHDN,2026-04-22
CTRN,2026-06-02
EMBJ,2026-05-08
FWRG,2026-05-05
BOKF,2026-07-20
DCI,2026-06-03
KMB,2026-04-28
RSG,2026-05-07
SBUX,2026-04-28
CPSH,2026-04-29
TSN,2026-05-04
CLPS,2026-03-06
DRTS,2026-05-18
ELVA,2026-05-14
FEIM,2026-03-11
APAM,2026-04-28
HNGE,2026-05-05
HCM,2026-03-05
DG,2026-06-02
ZBH,2026-04-28
CZNC,2026-04-28
BKH,2026-05-06
CLDT,2026-05-07
BWFG,2026-04-22
FSUN,2026-04-27
CNX,2026-04-30
BAM,2026-05-08
FGI,2026-05-13
CRESY,2026-05-07
GEVO,2026-05-07
CLF,2026-07-20
GSBC,2026-07-15
RL,2026-05-21
HZO,2026-07-23
EH,2026-05-26
YUM,2026-04-29
DOX,2026-05-13
NOW,2026-07-22
DIN,2026-05-06
AUB,2026-04-21
AZTA,2026-05-06
BJ,2026-05-21
ARDX,2026-04-30
ENPH,2026-04-28
EGY,2026-05-07
GROY,2026-05-06
BHF,2026-05-07
CWCO,2026-05-11
CSBR,2026-03-12
CURR,2026-04-24
OKE,2026-04-28
CAMT,2026-05-12
DUOT,2026-05-14
CTGO,2026-05-14
AREC,2026-04-28
EU,2026-05-18
AVAL,2026-05-12
CDLX,2026-05-06
CHEF,2026-04-29
REGN,2026-04-29
JBHT,2026-07-14
DK,2026-04-29
ALLY,2026-07-16
HITI,2026-06-15
AMZN,2026-04-29
CVRX,2026-05-14
FTAI,2026-04-29
AKA,2026-05-12
ALC,2026-05-05
PG,2026-04-24
AARD,2026-05-14
CSWC,2026-05-13
EDRY,2026-06-04
DFDV,2026-05-13
GROW,2026-05-07
APP,2026-05-06
BR,2026-04-30
HAIN,2026-05-11
BALL,2026-05-05
BCH,2026-04-30
EQH,2026-05-04
CTM,2026-02-27
FLO,2026-05-15
CRSP,2026-05-11
GOGO,2026-05-07
ESE,2026-05-07
ELUT,2026-05-07
ATO,2026-05-06
FCCO,2026-07-22
CTMX,2026-05-11
AON,2026-05-01
GBDC,2026-05-04
GDRX,2026-05-06
EFX,2026-07-21
INTC,2026-07-23
FCFS,2026-04-23
HAFN,2026-05-27
DT,2026-05-13
ACVA,2026-05-06
WBD,2026-05-07
ACHV,2026-05-12
FMBH,2026-04-30
FISI,2026-07-23
BEAT,2026-05-15
TTD,2026-05-07
HHS,2026-03-16
ANF,2026-05-27
ELV,2026-07-16
FIVN,2026-04-30
CTXR,2026-05-13
BANC,2026-07-22
ALTS,2026-05-12
GEN,2026-05-07
BATRK,2026-05-11
SBAC,2026-04-29
AMBQ,2026-05-05
ARW,2026-05-07
CAR,2026-04-29
UPS,2026-04-28
AUDC,2026-05-05
CVBF,2026-07-22
MCO,2026-07-23
GABC,2026-04-27
BN,2026-05-14
DHR,2026-07-21
AGL,2026-05-06
ASTS,2026-05-11
HNVR,2026-04-28
BHC,2026-04-29
IR,2026-04-28
DJCO,2026-05-13
AGNC,2026-07-20
L,2026-05-04
BCIC,2026-05-07
GTM,2026-05-11
AVT,2026-04-29
FR,2026-07-22
GLUE,2026-05-07
GBTG,2026-05-05
GDS,2026-05-19
CGTL,2026-02-03
PH,2026-04-30
ASTL,2026-05-05
AXS,2026-04-29
FIG,2026-05-14
AMRZ,2026-04-29
ARCC,2026-04-28
EYE,2026-05-06
CNQ,2026-05-07
EQIX,2026-04-29
BP,2026-04-28
SOLV,2026-05-05
LUV,2026-07-22
CTRE,2026-05-07
FIVE,2026-06-03
HE,2026-05-08
CASS,2026-07-16
CNH,2026-04-30
GO,2026-05-05
ENR,2026-05-05
AGRO,2026-05-11
COKE,2026-05-06
CBU,2026-04-29
DOV,2026-07-23
AROW,2026-04-30
CPT,2026-04-30
ENVX,2026-04-29
DYAI,2026-05-13
GIC,2026-05-05
ATNI,2026-05-06
BFST,2026-04-27
CCU,2026-05-06
CHRD,2026-05-05
EGO,2026-04-30
BNT,2026-05-07
DLNG,2026-05-26
BNBX,2026-05-16
LDOS,2026-05-05
BANR,2026-07-15
DGICB,2026-04-30
BZUN,2026-05-20
CXT,2026-05-06
BCHT,2026-05-14
FSP,2026-04-28
TDG,2026-05-05
CRCL,2026-05-11
ADT,2026-04-30
BRAG,2026-05-14
SNPS,2026-05-27
CNDT,2026-05-06
ABOS,2026-05-12
AMTM,2026-05-11
AMX,2026-07-21
CYH,2026-04-21
DHX,2026-05-05
TECH,2026-05-06
CUZ,2026-04-29
CRWD,2026-06-09
GTES,2026-05-01
MPWR,2026-04-30
CGNX,2026-05-06
ASH,2026-04-28
CCI,2026-07-22
ASPN,2026-05-07
CMS,2026-04-28
AIRS,2026-05-01
APLD,2026-04-08
GRC,2026-07-24
HOG,2026-05-05
GIS,2026-03-18
DFH,2026-05-05
LRCX,2026-04-22
HGBL,2026-05-07
ADP,2026-04-29
D,2026-05-01
AG,2026-05-12
EQT,2026-07-21
ALTG,2026-05-06
BVN,2026-04-29
PFE,2026-05-05
AMKR,2026-04-27
FNV,2026-05-12
BTM,2026-05-14
CC,2026-05-05
BLFS,2026-05-07
AMBP,2026-07-23
BHR,2026-05-06
FMC,2026-04-29
CCLD,2026-05-07
ATRA,2026-05-14
CNR,2026-05-07
ARX,2026-05-14
AMCR,2026-05-06
ATER,2026-05-14
DOYU,2026-05-27
GWW,2026-05-07
BIDU,2026-05-18
TAP,2026-04-30
EXR,2026-04-28
DXLG,2026-05-28
TT,2026-04-30
CHWY,2026-06-10
CGON,2026-05-07
CM,2026-05-28
PNC,2026-07-15
CWST,2026-04-30
CMCT,2026-05-08
CLRB,2026-05-06
GL,2026-07-22
FG,2026-05-06
ADI,2026-05-20
ANIX,2026-05-28
ROP,2026-07-21
CZFS,2026-05-07
FPH,2026-07-23
CNOB,2026-04-23
BAH,2026-05-22
ASO,2026-06-09
WEC,2026-05-05
TPL,2026-05-06
GLW,2026-04-28
HRI,2026-04-28
FLY,2026-05-04
DTIL,2026-05-15
FNLC,2026-07-22
AEIS,2026-05-04
APGE,2026-05-11
CROX,2026-04-30
BODI,2026-05-14
JBL,2026-06-16
WST,2026-07-23
AX,2026-04-30
GCBC,2026-07-22
EVGO,2026-05-05
BBVA,2026-04-30
AVO,2026-06-04
BLNE,2026-05-14
BKKT,2026-05-11
FBIN,2026-05-07
AGM,2026-05-05
CLOV,2026-05-06
HLMN,2026-04-27
DCOM,2026-07-23
KEY,2026-04-16
ARLO,2026-05-07
FDUS,2026-05-07
DSGN,2026-05-07
BCPC,2026-04-30
AHRT,2026-05-04
ALH,2026-05-13
EML,2026-05-12
EXPD,2026-05-05
ADV,2026-05-06
INTU,2026-05-21
DORM,2026-05-04
GLBS,2026-06-15
ACN,2026-06-18
INCY,2026-04-28
FHI,2026-04-30
FRT,2026-05-01
ALSN,2026-05-04
AQMS,2026-05-07
CENX,2026-05-06
CRVS,2026-05-07
EXTR,2026-04-29
WAT,2026-05-05
GOLD,2026-05-06
BIOA,2026-05-05
AMRC,2026-05-04
FELE,2026-04-28
ALHC,2026-04-30
FNRN,2026-04-29
NEE,2026-07-22
STT,2026-07-14
ZTS,2026-05-07
ACGL,2026-04-28
CTRA,2026-05-04
BLK,2026-07-15
WSM,2026-05-20
DBRG,2026-04-28
ARMP,2026-05-13
HP,2026-05-06
CMPS,2026-05-07
AAL,2026-07-23
CHRW,2026-04-29
ED,2026-05-07
HDB,2026-07-18
MA,2026-04-30
CDRE,2026-05-05
GTLS,2026-04-30
DCGO,2026-05-07
CZWI,2026-04-27
CDRO,2026-05-14
LEN,2026-03-12
FRAF,2026-04-28
AA,2026-07-15
EVC,2026-05-05
HAS,2026-05-20
BLKB,2026-04-29
BSRR,2026-04-27
EXP,2026-05-19
FENG,2026-05-12
REG,2026-04-29
AFL,2026-04-29
ATS,2026-05-27
ADPT,2026-05-05
AMSF,2026-07-23
CRBP,2026-05-05
ECG,2026-05-05
ELTK,2026-05-19
FIHL,2026-05-13
ABM,2026-06-04
BPRN,2026-07-23
ANGH,2026-05-01
DAVE,2026-05-05
ZBRA,2026-05-12
EVRG,2026-05-07
POOL,2026-07-23
EP,2026-05-13
EE,2026-05-06
ALLO,2026-05-15
GASS,2026-05-28
BNED,2026-03-10
MU,2026-06-24
ELDN,2026-05-13
MRSH,2026-07-16
BMY,2026-04-30
CYRX,2026-05-04
BWAY,2026-05-12
BYD,2026-07-23
SWKS,2026-05-05
TSLA,2026-07-22
CCBG,2026-07-21
GAMB,2026-05-14
CB,2026-04-21
CYN,2026-05-06
GSIT,2026-05-07
BCO,2026-05-06
CREX,2026-05-13
DAC,2026-05-12
ALGS,2026-05-05
BBIO,2026-04-28
BBY,2026-05-28
ATYR,2026-05-07
ARR,2026-04-22
GMED,2026-05-07
FRO,2026-05-29
BTE,2026-05-07
GPOR,2026-05-05
ASRT,2026-05-11
HIPO,2026-04-30
ANNX,2026-05-11
BCE,2026-05-07
GGB,2026-04-27
PRU,2026-05-05
FFIC,2026-04-29
AXON,2026-05-06
PSA,2026-04-27
NOC,2026-07-21
HSBC,2026-05-05
EXPO,2026-04-30
O,2026-05-06
CSV,2026-05-06
ABTC,2026-05-06
ALXO,2026-05-07
EMN,2026-04-30
GFR,2026-05-06
MS,2026-07-15
SPG,2026-05-11
EFXT,2026-05-07
FORM,2026-04-29
ATLC,2026-05-07
HKD,2026-02-28
FDS,2026-06-25
FRMM,2026-05-08
CART,2026-05-06
BWXT,2026-05-04
FTI,2026-04-30
BSX,2026-07-22
GCL,2026-01-30
ELMD,2026-05-12
GEO,2026-05-06
DRUG,2026-05-15
CORZ,2026-05-06
COLD,2026-05-07
CRBG,2026-05-04
WMT,2026-05-21
BSBR,2026-04-29
FLS,2026-04-29
DLTR,2026-06-03
APH,2026-04-29
GBFH,2026-04-29
CPRX,2026-05-06
COIN,2026-05-07
CL,2026-05-01
DOCU,2026-06-04
AVB,2026-04-27
IBEX,2026-05-06
BFLY,2026-04-30
EPRX,2026-05-06
AGAE,2026-03-26
CTOS,2026-04-27
CLS,2026-04-27
CCRN,2026-05-07
CLW,2026-04-28
GNE,2026-04-28
MPC,2026-05-05
BLND,2026-05-07
MCD,2026-05-07
BGS,2026-05-13
HGV,2026-04-30
ASTH,2026-05-07
FTNT,2026-05-06
BWB,2026-04-21
HNRG,2026-05-06
BWMN,2026-05-05
BTMD,2026-05-06
CGBD,2026-05-11
BRSL,2026-05-12
ANIK,2026-04-29
CPSS,2026-05-11
CRVO,2026-05-07
HSY,2026-04-30
FSS,2026-04-29
HWC,2026-07-14
CELC,2026-05-13
CBFV,2026-07-22
DHC,2026-05-04
CMP,2026-05-06
HTB,2026-07-22
COHR,2026-05-06
CACI,2026-04-22
TGT,2026-05-20
CHMI,2026-05-05
ALRM,2026-05-07
CBC,2026-04-28
HYLN,2026-05-15
CBSH,2026-07-15
DUOL,2026-05-04
AMS,2026-05-14
CPS,2026-05-06
COYA,2026-05-14
ARQT,2026-05-06
EBC,2026-07-23
TRGP,2026-05-07
ARRY,2026-05-06
ASML,2026-07-15
CVI,2026-04-29
EW,2026-07-23
EVH,2026-05-07
BSY,2026-05-07
ACM,2026-05-11
RMD,2026-04-30
IT,2026-05-05
ACMR,2026-05-07
ACRE,2026-05-07
ROK,2026-05-05
HCI,2026-05-06
DNOW,2026-05-06
BWIN,2026-05-04
BLZE,2026-05-04
CORT,2026-04-30
GMAB,2026-05-07
GILD,2026-05-07
ADC,2026-04-21
FER,2026-05-07
CCB,2026-04-29
BHE,2026-04-29
ANIP,2026-05-08
HCKT,2026-05-05
HBB,2026-05-06
ALOT,2026-06-04
HOFT,2026-06-11
HUN,2026-04-30
GEV,2026-04-22
AVY,2026-04-28
CHD,2026-05-01
GUTS,2026-05-13
CURI,2026-05-05
BDC,2026-04-30
BRSP,2026-04-28
BRCB,2026-05-12
VRSN,2026-07-23
BMRN,2026-04-30
CTSH,2026-04-29
ARI,2026-04-28
BIIB,2026-04-29
CLVT,2026-04-29
ASST,2026-05-14
IQV,2026-05-05
BF-B,2026-06-04
CSR,2026-05-04
CCEC,2026-05-07
BKE,2026-05-22
JNJ,2026-07-15
NTAP,2026-05-28
SLB,2026-04-24
CTAS,2026-03-25
BIVI,2026-05-11
GOVX,2026-03-23
AOS,2026-04-30
CERS,2026-04-30
ADEA,2026-05-04
AMD,2026-05-05
GROV,2026-05-07
HWBK,2026-04-27
BDSX,2026-05-04
CRGO,2026-05-26
ICE,2026-04-30
CRMD,2026-05-06
CHRS,2026-05-11
MCHP,2026-05-07
EXPI,2026-05-05
CXM,2026-06-03
AISP,2026-05-14
EPRT,2026-07-22
EWTX,2026-05-07
CWH,2026-04-29
AEHR,2026-04-07
FUL,2026-06-24
DRI,2026-03-19
FMX,2026-04-30
WELL,2026-04-28
CIB,2026-05-04
HDSN,2026-05-06
EVTC,2026-05-06
OTIS,2026-07-22
CNTY,2026-05-08
BZFD,2026-05-07
CMTL,2026-06-15
AGCO,2026-05-05
ALKT,2026-04-29
TJX,2026-05-20
CFFN,2026-04-29
BILL,2026-05-07
DNN,2026-05-11
AN,2026-05-01
HIT,2026-04-27
CBRL,2026-06-04
FLWS,2026-05-07
CSTL,2026-05-06
ABCL,2026-05-11
FTLF,2026-05-14
HRL,2026-05-28
DOCS,2026-05-13
TMO,2026-07-22
AMAL,2026-07-23
CVSA,2026-05-07
DCTH,2026-05-07
NEM,2026-07-23
CHE,2026-04-23
GOOS,2026-05-21
BAX,2026-04-30
FWONK,2026-05-07
CON,2026-05-07
BBT,2026-04-29
ESNT,2026-05-08
NCLH,2026-05-04
GLDG,2026-07-17
CMPX,2026-05-14
ENTG,2026-04-30
PSKY,2026-05-04
HBT,2026-04-27
COCO,2026-04-29
WDAY,2026-05-21
C,2026-07-14
CRDO,2026-06-01
CMC,2026-06-25
MOS,2026-05-11
CSAN,2026-05-14
FE,2026-04-28
NVDA,2026-05-20
BBCP,2026-06-04
DEO,2026-02-25
CWAN,2026-05-07
FLYW,2026-05-05
DSX,2026-05-28
APD,2026-04-30
HGTY,2026-05-06
CRSR,2026-05-07
CPAY,2026-05-07
ERO,2026-05-04
GEG,2026-05-06
CDXS,2026-05-07
FDX,2026-06-23
ALG,2026-05-04
DIOD,2026-05-07
MGM,2026-04-29
TROW,2026-04-30
CSIQ,2026-05-14
BLDP,2026-05-05
ALV,2026-07-17
COST,2026-05-28
ALGT,2026-04-30
COGT,2026-05-05
EAF,2026-05-01
ACU,2026-04-23
ACR,2026-04-29
AIRG,2026-05-06
EPAC,2026-06-25
EPD,2026-04-28
BALY,2026-05-11
BHB,2026-07-21
GENC,2026-05-01
GGRP,2026-05-14
NDAQ,2026-07-23
FMS,2026-05-05
BSAC,2026-04-30
FRME,2026-07-22
FERG,2026-05-05
PPG,2026-04-28
CSX,2026-04-22
BOX,2026-05-26
BC,2026-04-30
SYY,2026-04-28
ACIC,2026-05-05
BATRA,2026-05-11
BTBT,2026-05-14
TYL,2026-04-29
CP,2026-04-29
ACCS,2026-05-12
FCNCA,2026-07-24
COFS,2026-04-24
IRM,2026-04-30
CECO,2026-04-28
CME,2026-07-22
MAA,2026-04-29
GSAT,2026-05-07
ADUS,2026-05-04
EGP,2026-07-22
CTBI,2026-04-15
HERE,2026-06-05
AWI,2026-04-28
GTLB,2026-03-04
TER,2026-04-28
CGC,2026-05-29
AVD,2026-05-11
AENT,2026-05-14
AYI,2026-06-25
GGG,2026-07-22
HROW,2026-05-07
GLNG,2026-05-20
ERIC,2026-07-14
ACEL,2026-05-05
FDP,2026-05-05
IART,2026-05-05
GNS,2026-03-09
CVS,2026-05-06
SNDK,2026-04-30
AFCG,2026-05-07
NI,2026-05-06
CVCO,2026-05-21
BB,2026-06-25
FENC,2026-05-12
NWSA,2026-05-07
DD,2026-05-05
AAP,2026-05-21
HELP,2026-02-13
AVR,2026-05-11
HMN,2026-05-06
ASM,2026-05-13
AMRX,2026-05-01
CNP,2026-07-23
FRPT,2026-05-06
META,2026-04-29
BGSF,2026-05-06
EDIT,2026-05-15
FEAM,2026-02-13
BBOT,2026-05-06
EHC,2026-04-30
AVGO,2026-06-03
NKE,2026-06-25
CSGP,2026-04-28
ABVX,2026-03-23
DOLE,2026-05-11
DMLP,2026-05-07
HII,2026-05-05
ARKR,2026-05-11
BX,2026-07-23
GPMT,2026-05-05
LLY,2026-04-30
FAST,2026-07-13
AIV,2026-05-07
BGM,2026-03-16
BV,2026-05-05
ETD,2026-04-29
FBYD,2026-05-14
CLIR,2026-05-14
CALM,2026-04-01
CPK,2026-05-06
BURL,2026-05-28
CBL,2026-05-04
SO,2026-04-30
ADNT,2026-05-06
GEL,2026-05-07
CDNA,2026-04-28
FOLD,2026-05-07
CMG,2026-04-29
AGEN,2026-05-11
AMRN,2026-04-29
FISV,2026-05-05
BHP,2026-02-18
AAUC,2026-05-06
BUSE,2026-04-28
BARK,2026-06-03
ATRC,2026-05-05
GLIBA,2026-05-07
FLNG,2026-05-29
DTI,2026-05-07
AMPY,2026-05-11
AII,2026-05-11
GAU,2026-05-13
HALO,2026-05-05
CRGY,2026-05-04
ATRO,2026-05-12
DSGR,2026-04-30
AVNW,2026-05-04
CHPT,2026-06-03
ELAN,2026-05-06
EVCM,2026-05-07
HSAI,2026-05-28
AJG,2026-04-30
DASH,2026-05-06
BTAI,2026-03-26
BRO,2026-04-27
BFH,2026-07-23
CVGW,2026-06-08
EXLS,2026-04-28
ISRG,2026-07-21
GTX,2026-04-30
BOOM,2026-04-30
GNTX,2026-04-24
AME,2026-04-30
ATI,2026-04-30
EVEX,2026-05-05
BTDR,2026-05-14
CCC,2026-04-30
ALGM,2026-05-07
FONR,2026-05-14
CODI,2026-05-06
BGC,2026-05-07
CFG,2026-07-16
AUTL,2026-05-07
NVR,2026-07-22
ALGN,2026-04-29
ODFL,2026-04-29
GCO,2026-06-03
GLOB,2026-05-14
CNK,2026-05-01
HQI,2026-05-07
DVA,2026-05-05
CURV,2026-06-03
GOCO,2026-05-15
HTGC,2026-05-05
EGAN,2026-05-13
DOW,2026-07-23
PYPL,2026-05-05
WRB,2026-07-20
ATKR,2026-05-05
VTRS,2026-05-07
DAR,2026-04-30
CRUS,2026-05-06
SRE,2026-05-07
CVLG,2026-07-22
HBAN,2026-07-23
EAT,2026-04-29
GSK,2026-04-29
EVLV,2026-05-12
CBNK,2026-04-27
DAL,2026-07-09
ESLT,2026-05-26
FLEX,2026-05-06
FHTX,2026-05-14
AXTA,2026-04-30
EDAP,2026-05-07
BLX,2026-04-27
JCI,2026-05-06
HIMS,2026-05-11
ARIS,2026-05-06
APG,2026-04-30
CUK,2026-06-24
ADCT,2026-05-07
AIG,2026-04-30
HPQ,2026-05-27
DMAC,2026-05-12
CIX,2026-05-05
FBNC,2026-07-22
FTCI,2026-04-30
BVS,2026-05-05
ABR,2026-05-01
CODA,2026-06-15
DKNG,2026-05-07
FVCB,2026-07-21
WYNN,2026-05-07
NSC,2026-04-24
AMSC,2026-05-27
AKAM,2026-05-07
BRBR,2026-05-05
CX,2026-07-23
AZ,2026-05-05
ALX,2026-05-04
BNAI,2026-05-15
HUBB,2026-04-30
AMC,2026-05-06
CQP,2026-05-07
CRNT,2026-05-13
CE,2026-05-05
EOLS,2026-05-04
ECX,2026-04-30
JKHY,2026-05-05
ARCT,2026-05-11
CBAT,2026-05-11
CV,2026-05-15
FRSH,2026-05-05
ERII,2026-05-06
AIRI,2026-05-14
V,2026-04-28
ETR,2026-04-29
AVNS,2026-05-11
FLNT,2026-05-14
DOC,2026-05-05
VRSK,2026-04-29
AVBH,2026-04-27
CVM,2026-02-12
PCG,2026-04-23
CRL,2026-05-07
ARVN,2026-04-30
FTEK,2026-05-05
HPE,2026-06-02
AREN,2026-05-08
CPRT,2026-05-21
DSGX,2026-06-03
ACA,2026-04-30
DTE,2026-04-30
HUM,2026-04-29
GECC,2026-05-04
AMR,2026-05-08
AAPL,2026-04-30
CENT,2026-05-06
DNLI,2026-05-11
GME,2026-06-09
FOR,2026-07-21
GCT,2026-05-11
BROS,2026-05-06
DGICA,2026-04-30
CLMT,2026-05-08
ASAN,2026-06-03
BRZE,2026-06-04
BKR,2026-07-21
ADBE,2026-06-11
GSHD,2026-07-22
ARCB,2026-04-28
BUD,2026-05-05
AOSL,2026-05-06
DAO,2026-05-14
CPF,2026-04-29
HOMB,2026-07-15
GPK,2026-05-05
CAPR,2026-05-13
DQ,2026-04-29
BGSI,2026-05-13
CTS,2026-04-29
CGNT,2026-06-10
BETA,2026-05-12
HIW,2026-04-28
DLR,2026-07-23
CLX,2026-04-30
AUR,2026-05-06
FRD,2026-02-10
DEI,2026-05-05
ANGI,2026-05-05
FOA,2026-05-05
BYND,2026-05-06
ETSY,2026-04-29
DOUG,2026-04-30
BBUC,2026-05-08
MET,2026-05-06
UHS,2026-04-27
BNTC,2026-05-14
CRS,2026-04-29
DLPN,2026-05-13
CAE,2026-05-12
FC,2026-07-01
CNC,2026-04-28
DAKT,2026-03-04
EA,2026-05-05
CRMT,2026-03-12
INVH,2026-04-29
CACC,2026-04-29
CAVA,2026-05-14
BPOP,2026-07-22
AEM,2026-04-30
CLSK,2026-05-07
DWTX,2026-05-07
HD,2026-05-19
HYFM,2026-05-13
HHH,2026-05-07
IBCP,2026-07-23
BTI,2026-02-13
APPS,2026-02-04
DTM,2026-04-30
FTV,2026-04-30
BLIN,2026-05-14
AAON,2026-05-07
CRDL,2026-05-14
CVV,2026-05-13
CBZ,2026-04-29
UDR,2026-04-29
FARM,2026-05-07
AURA,2026-05-14
CAC,2026-04-28
BOOT,2026-05-13
FCPT,2026-04-29
DH,2026-05-07
BCAX,2026-05-12
HFFG,2026-05-11
CMTG,2026-05-06
HLF,2026-05-06
BFC,2026-04-16
CYD,2026-02-24
FSLR,2026-04-30
ECPG,2026-05-06
CLBK,2026-07-20
DIS,2026-05-06
HTLD,2026-04-23
DFLI,2026-05-14
EVER,2026-05-04
BETR,2026-05-07
BAER,2026-05-06
CATX,2026-05-11
FF,2026-05-11
FITB,2026-07-17
ANDE,2026-05-05
FCAP,2026-04-24
ORLY,2026-04-29
BAK,2026-05-12
TEL,2026-07-22
ANET,2026-05-05
GOSS,2026-05-14
ACHC,2026-04-29
ECO,2026-05-13
AEVA,2026-05-06
BDN,2026-07-22
FND,2026-04-30
ABEO,2026-05-14
ARE,2026-04-27
BIPC,2026-04-29
CASH,2026-04-22
BMI,2026-04-17
DPZ,2026-04-27
FRMI,2026-05-14
ABX,2026-05-07
HLN,2026-02-25
GETY,2026-05-11
QCOM,2026-04-29
BCRX,2026-05-06
CDW,2026-05-06
CHT,2026-05-07
FCF,2026-04-28
ENLT,2026-05-05
BYSI,2026-05-12
EFSC,2026-04-22
EPAM,2026-05-07
BRX,2026-04-27
FIX,2026-07-23
BKTI,2026-05-12
FRBA,2026-04-27
ON,2026-05-04
IAC,2026-05-04
BUR,2026-05-06
ALM,2026-05-14
ELS,2026-07-20
CF,2026-05-06
NFLX,2026-07-16
VZ,2026-04-27
HQY,2026-06-02
CRC,2026-05-05
HASI,2026-05-07
ACH,2026-05-07
J,2026-05-05
ADMA,2026-05-06
DXCM,2026-04-30
EMBC,2026-05-05
USB,2026-07-16
DXC,2026-05-07
CCG,2026-04-02
GPI,2026-04-30
FVRR,2026-04-29
AZZ,2026-07-08
AEBI,2026-05-14
PNR,2026-04-28
GLAD,2026-05-06
PM,2026-07-22
GSL,2026-05-18
CCJ,2026-05-05
BWMX,2026-07-23
T,2026-07-22
PCAR,2026-04-28
CPRI,2026-05-27
COO,2026-05-28
FRHC,2026-05-28
ULTA,2026-06-02
AGI,2026-04-29
CCOI,2026-05-04
HAL,2026-07-21
CALX,2026-07-20
AHR,2026-05-07
BLBD,2026-05-06
AFRM,2026-05-07
CARG,2026-05-07
ATLO,2026-04-24
DPRO,2026-05-07
KR,2026-03-05
FBIZ,2026-07-23
MSCI,2026-07-21
EFSI,2026-07-23
GTN,2026-05-07
ETOR,2026-05-12
FOUR,2026-05-07
CNF,2026-04-29
DVN,2026-05-05
LULU,2026-06-04
SYF,2026-07-21
LOW,2026-05-20
WM,2026-04-28
BXMT,2026-04-29
BIYA,2026-04-24
CTNM,2026-05-13
HOWL,2026-05-07
HURA,2026-05-15
ACCO,2026-04-30
CEVA,2026-05-11
HTZ,2026-05-07
CTO,2026-04-28
AXIA,2026-05-06
GAIA,2026-05-11
BBBY,2026-04-27
CLB,2026-04-29
AEP,2026-05-05
FOXA,2026-05-11
APA,2026-05-06
CDIO,2026-05-14
BTG,2026-05-06
FLG,2026-04-24
HBCP,2026-07-20
CBAN,2026-04-22
ECOR,2026-05-06
CNTA,2026-05-14
BEP,2026-05-01
HTHT,2026-05-20
BCAL,2026-04-24
AB,2026-04-28
SHW,2026-04-28
ACNB,2026-07-23
CAI,2026-05-07
FAF,2026-07-22
CEG,2026-05-11
VLTO,2026-04-28
DAVA,2026-05-13
DDD,2026-05-11
OXY,2026-05-05
VLO,2026-04-30
BLTE,2026-05-12
FANG,2026-05-04
CAG,2026-04-01
BORR,2026-05-20
CRK,2026-05-05
DRCT,2026-05-12
PWR,2026-04-30
HUBG,2026-03-30
BELFA,2026-04-29
EL,2026-05-01
ATMU,2026-05-01
CSCO,2026-05-13
BTU,2026-05-05
BCC,2026-05-04
APPF,2026-04-23
FFIV,2026-04-28
CBLL,2026-05-11
CVE,2026-05-07
AVXL,2026-05-11
CRBU,2026-05-07
GRPN,2026-05-07
AVPT,2026-05-07
CRI,2026-04-24
BL,2026-05-05
APTV,2026-05-05
FLD,2026-05-14
FNWD,2026-04-28
DLO,2026-05-14
MRK,2026-04-30
AIRO,2026-05-15
FCN,2026-04-30
DCH,2026-05-08
AVAV,2026-06-23
EQNR,2026-05-06
FNGR,2026-05-28
GRNT,2026-05-07
BLRX,2026-05-27
DLB,2026-04-30
ASX,2026-04-29
BRC,2026-05-14
RVTY,2026-05-05
AD,2026-05-01
APOG,2026-04-24
BFS,2026-05-07
BLLN,2026-05-06
ALP,2026-04-28
ASC,2026-05-06
HR,2026-04-30
AEC,2026-05-29
GNL,2026-05-05
AGYS,2026-05-18
DX,2026-07-20
DHI,2026-07-21
LYV,2026-05-05
EIG,2026-04-29
GAP,2026-05-28
CLLS,2026-05-18
GPCR,2026-05-07
BOH,2026-04-20
ALTO,2026-05-06
CNI,2026-04-29
EMR,2026-05-05
ASPI,2026-05-15
ASND,2026-04-30
HL,2026-05-05
CHKP,2026-04-30
FINW,2026-04-30
FSV,2026-07-23
DXPE,2026-05-06
AQN,2026-05-08
DC,2026-05-14
BCML,2026-07-23
HRB,2026-05-06
AMH,2026-05-06
G,2026-05-07
GENK,2026-05-06
EXPE,2026-05-07
GNRC,2026-04-29
ACTU,2026-05-15
CDP,2026-04-27
COP,2026-04-30
KEYS,2026-05-19
LYB,2026-05-01
EPSN,2026-05-13
ENSG,2026-04-28
EVO,2026-05-06
BULL,2026-05-15
SCHW,2026-07-16
KIM,2026-04-30
GTE,2026-05-07
AR,2026-04-29
FLGT,2026-05-01
FPI,2026-04-29
NWS,2026-05-07
ARES,2026-05-01
LIN,2026-05-01
ASTE,2026-05-06
CVEO,2026-05-01
FTRE,2026-05-05
ELPC,2026-05-05
DFIN,2026-05-05
CBOE,2026-05-01
BRLT,2026-05-06
STX,2026-04-28
COUR,2026-04-23
CHGG,2026-05-06
AVIR,2026-05-12
DOCN,2026-05-05
CG,2026-05-06
APYX,2026-05-07
AKBA,2026-05-07
CAN,2026-05-13
ESRT,2026-04-29
CMRC,2026-05-07
ALEC,2026-05-11
CLDX,2026-05-07
CMCO,2026-05-27
CNVS,2026-02-18
AMTB,2026-07-22
CASY,2026-06-08
CVX,2026-05-01
BEAM,2026-05-05
DDS,2026-05-14
DTST,2026-05-14
DHT,2026-05-05
HPP,2026-05-07
EG,2026-04-29
VTR,2026-04-27
BSET,2026-04-01
ASRV,2026-07-21
CIG,2026-05-07
BBD,2026-05-06
HWKN,2026-05-13
UNH,2026-04-21
BKNG,2026-04-28
CCK,2026-04-27
UAL,2026-04-21
BH,2026-05-08
CWBC,2026-07-16
WTW,2026-04-30
AIR,2026-03-24
MAR,2026-05-06
FCBC,2026-04-27
ESQ,2026-07-23
APLS,2026-05-07
BBGI,2026-05-07
FLNC,2026-05-06
MSFT,2026-04-29
EVR,2026-04-29
ABCB,2026-04-23
HNI,2026-05-06
FCX,2026-07-22
TPR,2026-05-07
BYRN,2026-07-09
CNL,2026-05-12
GLSI,2026-04-30
FLNA,2026-05-07
FLX,2026-05-21
EHTH,2026-05-06
BIOX,2026-05-21
GGAL,2026-05-26
ADAM,2026-04-29
HRTX,2026-05-05
ELME,2026-04-30
LMT,2026-07-21
HLIO,2026-05-07
ESP,2026-05-12
ESS,2026-04-28
ALLE,2026-04-28
AOMR,2026-05-05
BKV,2026-05-07
KHC,2026-05-06
HNST,2026-05-06
ACRS,2026-05-07
TXN,2026-04-22
HAE,2026-05-07
ACHR,2026-05-11
APO,2026-05-06
GOTU,2026-05-14
MSI,2026-05-07
SJM,2026-02-26
IBM,2026-07-22
HCSG,2026-07-22
GRND,2026-05-07
CWD,2026-05-14
ACTG,2026-05-07
AZN,2026-04-29
BMRC,2026-04-27
ABUS,2026-05-13
AI,2026-05-27
EMA,2026-05-08
AS,2026-05-19
CTSO,2026-05-13
BLCO,2026-04-29
CATO,2026-05-21
CLBT,2026-05-14
LVS,2026-07-22
ALMS,2026-05-15
AFG,2026-04-29
CPNG,2026-05-05
ENB,2026-05-08
DERM,2026-05-14
ROL,2026-04-22
BDTX,2026-05-11
ATHM,2026-05-07
COLL,2026-05-07
CIA,2026-05-07
FULT,2026-07-14
FXNC,2026-04-30
FSTR,2026-05-05
ETN,2026-05-05
ATAT,2026-05-21
ALCO,2026-05-12
ACOG,2026-05-14
HOVR,2026-04-14
DBI,2026-06-09
IFF,2026-05-05
BKD,2026-05-06
BWA,2026-05-06
ORCL,2026-06-10
PSX,2026-04-29
FORTY,2026-05-28
CGEM,2026-05-07
CWT,2026-04-30
CMCL,2026-05-11
COHN,2026-04-30
GIL,2026-04-30
COF,2026-07-21
BBNX,2026-07-21
XOM,2026-05-01
KKR,2026-05-05
FLXS,2026-04-20
HIMX,2026-05-07
AAT,2026-04-28
BBSI,2026-05-06
CBK,2026-04-27
AVA,2026-05-05
FBP,2026-07-21
HYFT,2026-03-12
CNMD,2026-04-29
CARR,2026-04-30
ARTNA,2026-05-04
CERT,2026-05-11
FMAO,2026-04-28
HBM,2026-05-01
CTKB,2026-05-07
CXW,2026-05-06
GEF,2026-04-28
GH,2026-05-07
ANTA,2026-05-14
CCS,2026-07-22
KVUE,2026-05-07
CWEN,2026-05-07
ADSE,2026-04-30
CFR,2026-04-30
TXT,2026-04-30
CRNC,2026-05-06
COLM,2026-04-30
AGIO,2026-04-29
CCSI,2026-05-07
CRNX,2026-05-07
AM,2026-04-29
HDL,2026-05-27
AEE,2026-05-05
BBWI,2026-05-28
BRBS,2026-07-22
ABAT,2026-05-14
GDOT,2026-05-07
EQX,2026-05-06
COOK,2026-04-30
CARE,2026-04-23
HBNC,2026-07-22
HUBS,2026-05-07
FUN,2026-05-07
MMM,2026-07-21
CRON,2026-05-11
APEI,2026-05-11
ALB,2026-05-06
GBLI,2026-05-06
ITW,2026-04-30
BIP,2026-04-29
DVLT,2026-05-15
HAYW,2026-04-29
ASYS,2026-05-07
PNW,2026-05-04
EBS,2026-04-30
MKC,2026-03-31
GDYN,2026-04-30
ABT,2026-07-16
CZR,2026-04-28
GOOD,2026-05-05
FBRT,2026-04-29
BMNR,2026-07-02
CYTK,2026-05-05
FUTU,2026-05-28
ESTA,2026-05-06
FATN,2026-05-18
FTK,2026-05-05
TRMB,2026-05-06
AAOI,2026-05-07
FTS,2026-05-06
DJT,2026-05-08
GDEN,2026-05-07
WY,2026-04-30
CWK,2026-05-07
SPGI,2026-04-28
BAC,2026-07-14
HON,2026-07-23
FRGT,2026-04-01
ABG,2026-04-28
ACIU,2026-04-29
GSM,2026-05-05
DDL,2026-05-14
CARL,2026-05-05
ATEN,2026-04-28
CATY,2026-07-21
AORT,2026-05-07
LITE,2026-05-05
CRCT,2026-05-05
CAAP,2026-05-20
IBKR,2026-07-14
CFFI,2026-07-23
BRT,2026-05-07
AEMD,2026-02-13
ASIX,2026-05-08
CYPH,2026-05-13
HXL,2026-04-22
BNL,2026-04-29
BWLP,2026-06-01
CLPT,2026-05-05
F,2026-04-29
PKG,2026-07-22
ACI,2026-04-14
HWM,2026-05-07
HSHP,2026-05-07
FMNB,2026-07-22
ACAD,2026-05-06
EDBL,2026-05-14
GRDN,2026-05-06
CGEN,2026-05-18
CAAS,2026-05-13
HLX,2026-07-22
ENVA,2026-07-21
COHU,2026-04-30
CVLT,2026-04-28
DDI,2026-05-12
AUPH,2026-05-11
PODD,2026-05-06
AHMA,2026-05-01
FSBC,2026-04-27
GEMI,2026-05-15
AESI,2026-05-04
ARWR,2026-05-07
AMGN,2026-04-30
FIGS,2026-05-07
IBOC,2026-05-04
SMCI,2026-05-05
TSCO,2026-04-21
AEYE,2026-05-12
HOV,2026-05-19
CHCO,2026-07-22
CTLP,2026-05-07
CPIX,2026-05-05
BHVN,2026-05-11
HYPD,2026-05-15
CCCC,2026-05-07
AVNT,2026-05-07
FRST,2026-07-23
ALVO,2026-05-06
ERAS,2026-05-13
CIM,2026-05-07
ASUR,2026-04-30
GHC,2026-04-29
HTFL,2026-05-14
XYZ,2026-05-07
BZAI,2026-05-13
ESEA,2026-05-20
DYN,2026-05-07
EXK,2026-05-06
CLMB,2026-04-29
ESOA,2026-05-06
CCO,2026-05-07
GERN,2026-05-06
HY,2026-05-11
AWK,2026-04-29
FUBO,2026-05-06
AMWD,2026-05-28
AES,2026-04-30
HELE,2026-07-09
HLT,2026-04-28
ERIE,2026-04-23
CAPL,2026-05-06
IP,2026-04-30
WMB,2026-05-04
IAUX,2026-05-12
CAL,2026-05-28
MTB,2026-07-15
BCAB,2026-05-12
CBUS,2026-05-07
DGX,2026-07-21
ARMK,2026-05-12
AMBA,2026-05-28
CNA,2026-05-04
FHB,2026-04-24
HUYA,2026-05-12
BJRI,2026-05-05
BKU,2026-07-22
FCEL,2026-06-05
AIP,2026-05-12
GLOO,2026-06-10
VRT,2026-04-22
EEFT,2026-04-29
ABEV,2026-05-05
DIBS,2026-05-08
AXSM,2026-05-04
FIS,2026-05-08
HTT,2026-05-21
HTO,2026-04-28
LNT,2026-04-30
COLB,2026-04-23
CAT,2026-04-30
CCEP,2026-02-17
LH,2026-04-30
ADM,2026-05-05
BDX,2026-05-07
CRWS,2026-02-11
BEEP,2026-05-12
BZH,2026-04-30
DEC,2026-04-30
CLH,2026-05-06
DNTH,2026-05-11
HURC,2026-06-05
EVI,2026-05-11
BY,2026-07-23
IBN,2026-07-18
DINO,2026-05-01
BAP,2026-05-14
ENS,2026-05-20
FTHM,2026-05-13
NUE,2026-04-27
CBNA,2026-04-27
CMCSA,2026-04-23
EC,2026-05-05
BIRD,2026-05-07
BLNK,2026-05-11
TFC,2026-07-17
STE,2026-05-11
CR,2026-04-27
CHMG,2026-07-16
ANRO,2026-05-14
BRK-B,2026-05-02
GATX,2026-05-07
BEPC,2026-05-01
CPB,2026-06-08
ASGN,2026-07-22
COR,2026-05-06
ELWT,2026-05-14
APPN,2026-05-07
AP,2026-05-11
HRTG,2026-05-07
GLP,2026-05-08
ACB,2026-02-04
DBD,2026-04-30
FA,2026-05-07
CPAC,2026-04-24
AFYA,2026-05-07
GEOS,2026-05-07
EWBC,2026-07-21
CRAI,2026-05-07
E,2026-04-24
ALIT,2026-05-05
CARS,2026-05-07
FFAI,2026-05-14
CLNE,2026-05-07
ALMU,2026-05-14
CLFD,2026-05-06
BNTX,2026-05-05
GWRE,2026-06-02
GFL,2026-04-29
CTVA,2026-05-05
BLMN,2026-05-06
CNCK,2026-05-20
GPGI,2026-05-11
GRMN,2026-04-29
GPC,2026-07-21
GRBK,2026-04-29
AUID,2026-05-15
GENI,2026-05-07
FNKO,2026-05-07
STZ,2026-07-01
BABA,2026-05-14
HYMC,2026-05-13
AMPH,2026-05-07
URI,2026-07-22
FUFU,2026-06-04
GDEV,2026-05-15
SWK,2026-04-29
ASB,2026-07-23
HIG,2026-04-23
CMDB,2026-05-08
HMY,2026-03-11
GIII,2026-06-05
BE,2026-04-28
FIP,2026-05-07
BHRB,2026-07-23
BBW,2026-05-28
TDY,2026-07-22
XEL,2026-04-30
FN,2026-05-04
BHST,2026-05-14
AVBP,2026-05-15
EDU,2026-04-22
VMC,2026-04-29
NTRS,2026-07-22
CRVL,2026-05-19
STLD,2026-04-20
BMEA,2026-05-04
CMT,2026-05-07
CIVB,2026-07-23
EYPT,2026-05-06
DSP,2026-05-05
BOW,2026-05-05
ANAB,2026-05-05
BEN,2026-04-28
BAFN,2026-04-30
GAUZ,2026-04-28
CULP,2026-03-11
AIZ,2026-05-05
BBDC,2026-05-07
SATS,2026-05-07
AMLX,2026-05-07
ENIC,2026-04-28
BLDR,2026-04-30
AMG,2026-05-01
CNO,2026-04-30
ARBE,2026-05-20
BBAR,2026-05-26
SW,2026-04-30
KMI,2026-07-15
EWCZ,2026-05-13
GKOS,2026-04-29
ESAB,2026-05-07
AMP,2026-07-23
AMPX,2026-05-06
EPC,2026-05-06
CADL,2026-05-12
ARLP,2026-04-27
GRAB,2026-05-04
ETON,2026-05-12
DUK,2026-05-05
HRZN,2026-05-05
DBVT,2026-04-30
AQST,2026-05-12
ANGX,2026-04-30
GIB,2026-04-29
DAWN,2026-05-05
ET,2026-05-05
CLPR,2026-05-14
CAKE,2026-04-29
EXE,2026-04-28
EXC,2026-05-06
CRIS,2026-05-05
ECVT,2026-05-05
CHA,2026-05-29
CTEV,2026-05-07
IAG,2026-05-05
CINT,2026-05-11
ENOV,2026-05-07
FNB,2026-07-16
CRWV,2026-05-07
DLHC,2026-05-06
FOXF,2026-05-07
DFTX,2026-05-07
DAN,2026-04-29
CHH,2026-04-30
GILT,2026-05-13
DELL,2026-05-28
DNA,2026-05-05
PEP,2026-07-16
GRAL,2026-05-05
CBRE,2026-04-23
AER,2026-04-29
RJF,2026-07-22
GP,2026-02-13
COMP,2026-05-05
DRH,2026-04-30
ALKS,2026-05-05
GCTS,2026-05-13
FLUX,2026-05-07
EOG,2026-05-05
ACT,2026-05-05
HYPR,2026-05-13
BEEM,2026-05-14
DMRC,2026-05-12
GOOG,2026-04-29
MCK,2026-05-07
EVMN,2026-05-14
BANF,2026-07-16
API,2026-05-26
CDE,2026-05-06
AMCX,2026-05-08
CIFR,2026-05-05
WAB,2026-07-23
AWRE,2026-04-29
CSL,2026-04-23
FORA,2026-05-13
DLX,2026-05-06
CURB,2026-04-28
MLM,2026-04-30
KO,2026-04-28
HMC,2026-05-14
FSK,2026-05-06
CI,2026-04-30
FVR,2026-05-06
GGR,2026-05-07
DE,2026-05-21
HLLY,2026-05-06
FSLY,2026-05-06
CNXC,2026-06-25
RTX,2026-07-21
CMPR,2026-04-29
BG,2026-04-29
SNA,2026-07-16
MNST,2026-05-07
DY,2026-05-27
KDP,2026-07-23
CDNS,2026-04-27
ABNB,2026-05-07
DKS,2026-05-27
BSM,2026-05-04
GHRS,2026-05-07
CINF,2026-04-27
CBT,2026-05-05
TRV,2026-07-16
EGBN,2026-07-22
ATAI,2026-05-13
EIX,2026-04-28
HCC,2026-04-30
BNGO,2026-05-13
EVGN,2026-05-20
ELE,2026-05-12
ACNT,2026-05-11
AXTI,2026-04-30
PLD,2026-07-15
CSTE,2026-05-06
BMBL,2026-05-05
EXEL,2026-05-05
CVNA,2026-04-29
COSO,2026-07-20
UNP,2026-07-23
ESCA,2026-04-30
ADTN,2026-05-04
CDZI,2026-05-14
ALTI,2026-05-11
Q,2026-05-12
ASLE,2026-05-07
GOOGL,2026-04-29
BSVN,2026-04-14
BCBP,2026-04-21
BRCC,2026-05-04
ELA,2026-05-06
ROST,2026-05-21
RCL,2026-04-30
AEG,2026-02-19
GNSS,2026-05-12
AGO,2026-05-07
HFWA,2026-07-23
BELFB,2026-04-29
AHCO,2026-05-05
PLTR,2026-05-04
AMPL,2026-05-06
ACDC,2026-05-11
VRTX,2026-05-04
IDXX,2026-05-05
FINV,2026-05-20
FICO,2026-04-28
EQR,2026-04-28
MRNA,2026-05-01
FFBC,2026-07-23
DNUT,2026-05-07
GRFS,2026-02-27
DOO,2026-05-28
HLI,2026-05-06
TMUS,2026-04-28
GVA,2026-04-30
GXO,2026-05-05
EKSO,2026-05-04
FIBK,2026-04-29
PAYX,2026-06-25
CEPU,2026-05-05
AXP,2026-07-24
HURN,2026-05-05
GTY,2026-07-22
BXP,2026-04-28
FRPH,2026-05-11
AOUT,2026-03-12
HEI,2026-05-27
AUGO,2026-05-06
HESM,2026-05-04
ELF,2026-05-27
HG,2026-04-30
FURY,2026-05-14
DB,2026-04-29
ADSK,2026-05-21
AIT,2026-04-28
FROG,2026-05-07
DGII,2026-05-06
ALL,2026-04-29
CUBI,2026-07-23
ADUR,2026-04-15
CW,2026-05-06
HOOD,2026-04-28
CISS,2026-05-04
CAH,2026-04-30
HOPE,2026-04-28
CGAU,2026-04-29
CANG,2026-05-14
FATE,2026-05-12
GFF,2026-05-07
AMTX,2026-05-07
GLRE,2026-05-06
HSIC,2026-05-05
ARAY,2026-05-06
COTY,2026-05-05
ALDX,2026-05-15
ESTC,2026-05-28
BA,2026-04-22
CCL,2026-06-24
CRM,2026-05-27
APLE,2026-05-04
DEA,2026-04-27
LHX,2026-04-30
BMA,2026-05-27
ACET,2026-05-06
GYRE,2026-05-07
GSBD,2026-05-07
CHCT,2026-05-05
BW,2026-05-04
ALAB,2026-05-05
TKO,2026-05-06
CSGS,2026-05-06
BWEN,2026-05-15
PPL,2026-05-08
EMPD,2026-05-08
BLD,2026-05-05
FORR,2026-05-06
CNNE,2026-05-11
BVFL,2026-04-24
PEG,2026-05-05
AZO,2026-05-26
ARHS,2026-05-07
ES,2026-05-06
FIGR,2026-05-11
KLAC,2026-04-29
AAPG,2026-03-25
BBAI,2026-05-05
BMO,2026-05-27
MAS,2026-04-22
B,2026-05-11
BTSG,2026-05-01
FNF,2026-05-06
GWH,2026-05-07
CNM,2026-06-09
ARKO,2026-05-06
ENTA,2026-05-11
ARQ,2026-05-06
FFIN,2026-07-16
GCMG,2026-05-07
DOMO,2026-05-28
FET,2026-04-30
HAFC,2026-07-21
AEO,2026-05-28
VICI,2026-04-29
MTD,2026-05-07
ATEX,2026-02-12
ELBM,2026-06-01
EDN,2026-05-08
EXOD,2026-05-11
GDDY,2026-04-30
FOSL,2026-05-13
AROC,2026-05-05
ALNT,2026-05-07
DV,2026-05-06
CNXN,2026-04-29
JPM,2026-07-14
NXPI,2026-04-28
ATEC,2026-05-05
ALLT,2026-05-12
BILI,2026-05-19
EVTL,2026-05-12
DRVN,2026-05-06
HMR,2026-05-20
AIN,2026-04-30
HTH,2026-07-23
AIRJ,2026-05-12
GBCI,2026-07-23
AU,2026-05-08
DECK,2026-05-21
GFI,2026-02-19
DDOG,2026-05-07
GHI,2026-05-12
CODX,2026-05-07
UBER,2026-05-06
AGX,2026-06-03
DGXX,2026-05-14
AWR,2026-05-06
BOC,2026-05-14
CXDO,2026-05-05
CHCI,2026-05-15
AXGN,2026-04-28
FLUT,2026-05-06
GPRO,2026-05-11
ARDT,2026-05-05
CCNE,2026-04-20
GLXY,2026-04-28
EQBK,2026-07-13
ACXP,2026-05-12
FWONA,2026-05-07
CSW,2026-05-21
ALT,2026-05-12
HIVE,2026-02-17
HBIO,2026-05-11
GPN,2026-05-06
ACIW,2026-05-07
CLAR,2026-05-07
HCAT,2026-05-06
FSI,2026-05-15
HST,2026-05-06
DBX,2026-05-07
AVTR,2026-04-29
ATOM,2026-05-05
GHM,2026-02-06
FULC,2026-04-27
ASPS,2026-07-23
GNK,2026-05-06
BEKE,2026-05-14
AAMI,2026-04-30
BOSC,2026-05-28
PFG,2026-04-23
HSTM,2026-05-04
ALK,2026-04-20
ECL,2026-04-28
EFC,2026-05-05
FLYX,2026-05-06
BKSY,2026-05-07
ANGO,2026-04-02
CHYM,2026-05-06
GPRE,2026-05-07
FOX,2026-05-11
EOSE,2026-05-13
CIGI,2026-05-05
GOLF,2026-05-06
CPA,2026-05-13
BIRK,2026-05-13
FLR,2026-05-08
CENTA,2026-05-06
EPR,2026-05-06
BFAM,2026-05-05
HCA,2026-04-24
CTRM,2026-07-14
BRKR,2026-05-06
GLBE,2026-05-13
ALNY,2026-04-30
FDBC,2026-07-22
GM,2026-04-28
HPK,2026-05-06
PANW,2026-05-20
APT,2026-05-06
ATR,2026-04-30
CELH,2026-05-11
CTRI,2026-05-13
IVZ,2026-04-28
RF,2026-07-17
ESPR,2026-05-07
IEX,2026-04-29
BIO,2026-04-30
FDMT,2026-05-07
MDLZ,2026-04-28
CIEN,2026-06-04
FSBW,2026-07-21
ARM,2026-05-06
TTWO,2026-05-21
HRMY,2026-05-07
SYK,2026-04-30
CALY,2026-05-11
CVGI,2026-05-05
PGR,2026-07-15
NRG,2026-05-06
AUNA,2026-05-19
CRH,2026-04-30
DRD,2026-02-19
HVT,2026-04-29
GD,2026-04-29
CABA,2026-05-14
DRS,2026-05-05
GTIM,2026-05-07
CHTR,2026-04-24
HUT,2026-05-06
GLPI,2026-04-23
BAND,2026-04-30
EZPW,2026-04-29
GNW,2026-05-05
CNS,2026-07-16
EME,2026-04-29
VST,2026-05-07
AMWL,2026-05-05
CMI,2026-05-05
GRRR,2026-05-26
CLGN,2026-05-27
ABBV,2026-04-29
ASR,2026-07-21
AHL,2026-03-06
MO,2026-04-30
AHT,2026-05-05
HLIT,2026-05-11
GLIBK,2026-05-07
BK,2026-07-15
ACLS,2026-05-07
ARGX,2026-05-07
AMN,2026-05-07
HLNE,2026-05-21
ESI,2026-04-28
EBMT,2026-04-28
FIZZ,2026-03-12
GWRS,2026-05-13
DCBO,2026-05-08
MDT,2026-06-03
ABSI,2026-05-07
GRWG,2026-05-14
ALRS,2026-04-29
GPRK,2026-05-06
LII,2026-04-29
ACLX,2026-05-07
GFS,2026-05-05
GT,2026-05-06
DFSC,2026-05-14
BCSF,2026-05-04
AIOT,2026-02-09
GBX,2026-07-01
BCS,2026-04-28
CMRE,2026-05-07
GS,2026-07-14
CMBT,2026-05-19
DKL,2026-04-29
WDC,2026-04-30
DLTH,2026-06-04
FLL,2026-05-07
XYL,2026-04-28
ELVN,2026-05-13
CSPI,2026-05-14
BNS,2026-05-27
FLOC,2026-05-06
FBK,2026-07-13
PHM,2026-07-21
ARQQ,2026-05-20
DCO,2026-05-05
EBAY,2026-04-29
DRIO,2026-05-14
BLSH,2026-05-14
CCAP,2026-05-13
HUMA,2026-05-12
AMAT,2026-05-14
OMC,2026-04-28
AVAH,2026-05-14
GLPG,2026-05-06
CRTO,2026-05-06
CSTM,2026-04-29
GRVY,2026-05-08
DARE,2026-05-12
CRDF,2026-05-07
